id,name,address
3871949708,Bobby,138 Pibom Center
2758087885,Effie,1044 Lenfal Highway
3131265302,Lee,912 Iroiv Turnpike
2831722986,Bradley,985 Ridso Key
0618198334,Christina,1697 Utpu Parkway
1355928769,Nell,1488 Suva Circle
2829193648,Ola,866 Pibfa Road
0722229789,Scott,1337 Uticuw Drive
1249347253,Christian,202 Maesa Street
2511109890,Annie,1685 Vuzbev Plaza
4081305104,Kathryn,613 Cefhu River
2053376625,Sophie,915 Kiwo Street
3214978000,Harvey,495 Runsuv River
2409229590,Vera,365 Atakaw Grove
4084032081,Katharine,1911 Koesa Street
2933632079,Glenn,1233 Unuola Turnpike
1223831659,Andrew,584 Nahiz Avenue
3151720061,Janie,356 Juhul Center
2788487000,Antonio,527 Riklo Circle
1240510978,Gertrude,936 Boaj Boulevard
0873015617,Nathaniel,37 Godgi Extension
2329242791,Miguel,1732 Seci Place
1539928061,Johanna,208 Fetab Turnpike
2301810522,Ralph,1320 Jeto Mill
1078425365,Albert,296 Belot Center
0814495459,Blanche,311 Hewahi Junction
0165665753,Mollie,1481 Nidni View
2066110448,Andre,159 Baeru Manor1
4154561468,Della,1386 Zahvuz Glen
1082103760,Della,1353 Nizdod Ridge
3421669920,Herman,167 Zeur Square
2795682277,Lillian,802 Kosun Extension
2522642170,Craig,1762 Gecuw Way
0434827689,Christopher,1004 Joimo Lane
2141082027,Jean,683 Ibebe Avenue
0037565720,Walter,1957 Judon Plaza
4216304737,Michael,1553 Vebuk Trail
1414334354,Caleb,1707 Vote Trail
0755002349,Florence,335 Kumil Street
3038541437,Connor,1719 Jilde Avenue
1517818478,Bernice,1347 Vagdu Point
0073907944,Ola,1354 Hovsen Court
2312778020,Florence,1142 Tewjaf Junction
1218528594,Olga,1227 Rekcud Center
3288294495,Violet,1034 Wumvi Way
1522436876,Allie,953 Tervi Grove
2322809482,Mitchell,924 Bokah View
3060857153,Wayne,1515 Kihij Terrace
0652064328,Ronnie,417 Bechev Parkway
0369825768,Samuel,838 Keir Circle
0209726174,Alma,772 Dogin Path
0158486008,Maria,48 Hagron Key
0894484856,Julian,46 Ubnu Parkway
3318296379,Elmer,349 Omfej Loop
2935665988,Fannie,1017 Movi Square
3109556619,Harold,1389 Getha Point
0540026629,Douglas,1037 Malos Grove
3322057403,Maude,169 Dojjo Pike
1416397516,Eddie,704 Liras Key
4195943137,Mollie,1226 Isugaf Glen
2307325074,Todd,48 Awuwe Path
3760431752,Raymond,1723 Hopra Place
2053891102,Celia,1956 Meci Mill
3133336387,Jane,1446 Tibso Turnpike
2563052450,Gene,943 Ehupot View
3462125175,Nancy,1796 Adog Terrace
3946776247,Warren,1179 Jeka View
0480366295,Evan,1439 Jadsip Path
2985814500,Kathryn,687 Taep Plaza
1639192100,Maggie,1741 Wavfup Ridge
0895478257,Edward,1942 Zate Heights
1921551455,Bruce,1807 Nerwaz Circle
2779865563,Stella,1779 Juig Drive
3271663197,Rhoda,777 Ateze Glen
1640267188,Gilbert,1686 Atma Street
1232212291,Ruby,1207 Wimas Pike
3805069781,Garrett,1758 Ducbon Manor
4184599154,Eliza,91 Ifale Drive
1207256304,Shane,1571 Sidijo Road
4260120208,Alexander,1878 Lopip Lane
2963264517,Bryan,1510 Guuk Loop
4213528998,Marc,209 Ibubu Key
0085033366,Callie,1549 Jugmi Turnpike
1961953509,Tony,1354 Dutvi Terrace
0808467383,Jessie,1778 Kevog Path
0188438670,Lizzie,564 Tume Loop
0701387142,Clayton,351 Jekahe Circle
1424279563,Lucille,90 Fuvhol Trail
3989509281,Aaron,1988 Takdu Trail
1093814979,Angel,1456 Idkit Heights
3263125465,Cody,445 Foofe Lane
2767234205,Barbara,704 Pumdo Turnpike
0668228496,Mabelle,96 Ukne Grove
4241732793,Rose,976 Setur Way
2334715937,Francisco,1883 Matal Square
3572221300,Nettie,485 Kehi Point
0697425779,Rosa,1978 Jajji Terrace
1384367733,Ora,1677 Tiba Street
0518686316,Violet,1847 Coul Trail
68047530,Christopher,1637 Gore Heights
4249779663,Elijah,1895 Ojasa Grove
2795100921,Ruth,441 Rohu Road
1698428376,Max,1360 Ragi Road
985742172,Eugene,1613 Taraca Square
1022638596,Ella,170 Ibikof Center
2689802362,Jeremy,1495 Ebco Boulevard
3132463328,Isabel,636 Bafuj Trail
916779267,Allie,1062 Puri Loop
4232590072,Trevor,682 Ganhu Extension
3087968405,Steve,604 Kocro River
2798798551,Esther,646 Jiro Ridge
3503028615,Chase,1939 Bike Heights
1163451185,Edward,1830 Ozval Pike
1507175244,Ellen,171 Nagico Lane
2581416852,Beatrice,775 Luhol Trail
4103653383,Roger,587 Hebfe Manor
1536879897,Leila,589 Suhav Trail
2668599077,Virgie,45 Ravu Boulevard
1852086936,Bettie,624 Felam Grove
4036868889,Katherine,467 Zapham Pass
2075775541,Jim,543 Haszuw Key
1842657589,Irene,920 Lieno Center
3781862699,Sophie,429 Awowa Extension
3341388926,Katharine,770 Tepwo Highway
3960556465,Donald,1364 Elpif Glen
621793320,Mae,347 Ijutoc Trail
2376369217,Emily,818 Obapa Road
3612046979,Mary,1573 Dabwi Pike
2064412292,Eric,1618 Zofep Road
1730345248,Clara,1969 Pegze Center
3963600960,Roy,1797 Fakkud Court
2106555100,Emilie,1381 Rucola Path
3969674719,Myrtie,903 Muruhu Heights
3055898353,Helena,750 Dudraj Park
1996451638,Alexander,1488 Zieji River
2782796562,Winifred,1580 Bubeg Boulevard
1839655538,Clarence,1175 Recedu Highway
1536121568,Travis,1622 Oroaz Circle
3432797349,Tillie,11458 Kunhup Heights
0452136075,Marc,158 Rebde Junction
2131513695,Ida,1717 Dakjum Extension
4033039558,Ryan,323 Arifab View
2593956812,Philip,1236 Wejbid Way
3847381240,Nancy,1368 Kuul Trail
3486233020,Nell,1610 Tipuh Way
3422812461,Dean,720 Vojuc Manor
0997527451,Oscar,896 Wojhud Extension
2725847459,James,356 Kota Circle
8055911608,Ruth,1163 Ikikug Junction
1255582581,Hattie,1670 Esdo Avenue
1162574356,Mathilda,1528 Ojva Way
3461581008,Anne,127 Omafo River
3477581431,Brent,1247 Toje Junction
2703199080,Winnie,1256 Rurwu Avenue
3381390986,Katharine,82 Ulni River
7500391992,Frank,1975 Dukoj Manor
1302053359,Corey,1516 Rehub Highway
3281291788,Harriett,1201 Tuvi Heights
9940402882,Austin,1006 Noso Manor
2268690683,Dora,1683 Sebgu Mill
2220654397,Andrew,1386 Togage Drive
3048614303,Georgie,1248 Hijiw Park
1840545206,Cecelia,1894 Vooc Way
9302050000,Fred,261 Gaim Circle
4727552067,Jane,511 Zasgi Boulevard
1113616870,Alfred,565 Esnok Trail
4386776800,Phillip,854 Cita Center
0587605894,Lloyd,1041 Zarbes Way
2186644595,Stephen,1842 Ropnaz Pass
4128776793,Nannie,286 Aljif Center
3589090632,Eleanor,578 Agukug Glen
3227358394,Jonathan,711 Citip Key
2729296340,Ada,82 Ukamat Extension
4280900793,Leo,388 Ridkit Court
6053878051,Winnie,1159 Bika Terrace
4217142332,Terry,1725 Legu Turnpike
2541071908,Louise,480 Nupter Loop
2910933157,Lester,1976 Ijnih Trail
2877284633,Jane,256 Ibake Lane
2359864619,Warren,1736 Sinum Lane
3708985506,Jeremy,929 Ahopi Place
1055493972,Christine,283 Jejoh Court
5450249370,Earl,912 Helo Circle
2712963141,Lula,58 Iruho Street
3793024354,Helena,438 Zenic Turnpike
2201183631,Annie,128 Raloc Turnpike
7340087135,Lulu,200 Titip View
2173317789,Hannah,1259 Fubhem Circle
5253801943,Ralph,758 Ripud Center
4201459503,Marc,1602 Suseg Turnpike
2538171242,Jeremiah,746 Nabis Grove
3331149947,Georgia,742 Homsa Grove
2332507352,Juan,1748 Wacdap Ridge
3443190408,Ronald,891 Oruseb Junction
1795221032,Wesley,1741 Heur Pass
1731638223,Luis,1556 Jivok Manor
4200165908,Clarence,1508 Neni Path
4161668077,Evelyn,701 Pozwo Street
1681696153,William,1230 Penvo Turnpike
3379514121,Clara,588 Isieg Turnpike
3617008337,Seth,1733 Lozta Path
5118332907,Hattie,497 Racwu Highway
3888184373,Cecilia,65 Nijoj River
3200434351,Earl,1532 Operos Circle
4036010106,Sadie,408 Tamhum Terrace
1423161024,John,1939 Zosabe Way
3659499567,Todd,36 Lagar Avenue
4010024000,Flora,1102 Renig Junction
4086665128,Adeline,1396 Povvef Parkway
1673123133,Scott,1689 Efurac Mill
3469700155,Evan,1312 Nuja Way
1535987782,Delia,65 Isla Pike
3699918320,Nancy,84 Wiev Road
4133244772,Barry,162 Oskek Highway
2663311733,Cordelia,526 Deru Manor
2848134972,Clifford,1534 Inne Manor
1180407067,Roxie,1647 Copjik Mill
4239188611,Phillip,639 Ibnu Road
1783706485,Gary,113 Rete Turnpike
5788671730,Justin,1497 Wipkow View
1592245190,Cory,530 Etsa Court
3369905296,Ernest,1058 Kurpo Way
0033362678,Ethan,1139 Tulga Plaza
3880868540,Lora,123 Hucto Drive
3206968834,Justin,572 Irhef Plaza
2898245414,Helena,1169 Lunbe Ridge
2247544995,Eddie,562 Egvo View
2016795579,Dennis,566 Kuwiwi Heights
3439292647,Lottie,640 Tadul Highway
4606788218,Ricky,1304 Osnej Extension
1322704202,Ernest,1120 Feza Heights
4120265073,Lois,1522 Sonir Boulevard
2236836015,Carrie,652 Hevwu Way
1979096188,Bobby,1526 Miih Street
2119560052,Danny,1400 Kiceba Boulevard
5163033817,Chris,1482 Wovmim Plaza
1549908809,Mittie,144 Fetfe Key
3834063088,Lula,891 Aweera Extension
1983080183,Ernest,1148 Buvza Key
6550400855,Lester,277 Gozute Boulevard
3659399204,Leroy,1850 Gemum Street
3254355114,Brett,1812 Ipabin Avenue
1275331000,Jesus,931 Wefugo Key
3848936647,Noah,1551 Getro Place
4026154368,Cameron,1538 Bemju Terrace
2169181783,Arthur,1090 Balve Mill
3286497636,Adelaide,410 Icli View
3284375674,Nicholas,1654 Ulfed Place
4252925522,Emilie,1960 Puhus Terrace
